648.76,-31874
649.57,-31912
650.35,-31894
651.17,-31913
651.94,-31996
652.76,-31979
653.58,-32003
654.36,-32019
655.16,-31964
655.98,-31942
657.01,-31776
657.97,-31787
658.98,-31813
659.77,-31873
660.57,-31936
661.36,-31943
662.17,-31955
662.98,-31958
663.77,-32009
664.58,-32023
665.37,-32024
665.98,-32037
666.78,-32065
667.36,-32061
668.16,-32028
668.97,-31926
670.18,-31541
671.37,-31743
672,-31996
672.77,-32044
673.59,-32000
674.37,-31975
675.38,-31797
676.37,-31788
677.16,-31865
677.97,-31945
678.77,-31960
679.61,-32005
680.39,-32065
680.98,-32083
681.76,-32018
682.57,-31942
683.77,-31547
684.76,-31709
685.77,-31886
686.61,-32002
687.18,-32026
687.98,-31962
688.97,-31824
690.17,-31545
691.38,-31680
692.16,-31828
693.16,-31901
693.99,-31943
694.76,-31957
695.57,-32014
696.4,-31988
697.17,-31883
698.16,-31728
699.39,-31581
700.58,-31678
701.38,-31809
702.38,-31875
703.18,-31965
703.98,-31973
704.79,-31966
705.58,-31890
706.56,-31732
707.57,-31742
708.57,-31859
709.39,-31981
710.16,-31951
710.97,-31950
711.98,-31778
712.98,-31744
713.98,-31844
714.98,-31825
715.8,-31813
716.78,-31803
717.79,-31893
718.58,-31935
719.38,-31915
720.21,-31914
720.97,-31913
721.99,-31942
722.78,-31893
723.59,-31879
724.79,-31738
725.81,-31775
726.57,-31820
727.58,-31867
728.39,-31888
729.2,-31957
729.98,-31928
730.98,-31864
732,-31827
732.79,-31874
733.81,-31890
734.57,-31801
735.79,-31740
736.79,-31730
737.58,-31828
738.61,-31833
739.63,-31845
740.38,-31882
741.19,-32007
741.99,-31976
742.6,-32049
743.39,-32012
744.61,-31575
745.61,-31726
746.61,-31862
747.39,-31916
748.21,-31954
749.04,-31980
749.81,-31977
750.63,-31930
751.39,-31951
752.39,-31860
753.2,-31956
754.01,-32031
754.63,-32060
755.39,-32079
756,-32111
756.8,-32024
757.8,-31762
758.8,-31717
759.61,-31896
760.38,-31969
761.21,-31986
762.04,-31978
762.8,-31992
763.59,-31964
764.43,-31969
765.21,-31952
766.01,-32007
766.79,-32002
767.62,-32037
768.2,-32021
769.02,-32035
769.8,-31993
770.63,-31920
771.8,-31569
772.78,-31723
773.79,-31887
774.61,-31951
775.41,-31982
776.2,-31989
777.02,-31902
777.79,-31940
778.61,-32015
779.42,-31915
780.19,-31929
781.01,-31934
782.02,-31836
782.81,-31900
783.79,-31919
784.66,-31974
785.47,-31966
786.27,-31971
787.01,-32022
787.6,-31961
788.42,-31957
789.41,-31913
790.21,-31989
791.01,-31929
791.78,-31941
792.6,-31974
793.42,-31948
794.2,-31955
795.01,-31986
795.8,-32005
796.64,-32031
797.24,-32044
798.01,-32052
798.6,-32052
799.41,-32018
800.21,-32004
801.01,-31963
801.86,-31967
802.62,-31947
803.43,-31959
804.25,-32034
804.93,-32011
805.65,-32058
806.43,-32034
807.2,-31991
808.02,-31922
809.01,-31828
809.86,-31926
810.61,-31932
811.41,-31961
812.19,-31980
813.01,-31927
814,-31850
814.82,-31934
815.61,-31928
816.44,-31972
817.23,-32013
818.02,-31998
818.81,-31989
819.6,-31940
820.61,-31782
821.41,-31830
822.22,-31954
823.29,-31935
824.01,-31954
824.84,-31946
825.61,-31933
826.62,-31841
827.42,-31916
828.22,-31960
829.01,-31920
829.83,-31911
830.61,-31973
831.6,-31920
832.42,-31916
833.22,-31951
834,-31908
835.01,-31827
835.85,-31868
836.81,-31945
837.41,-31979
838.22,-31989
839.01,-31971
840.02,-31882
840.84,-31828
841.84,-31885
842.63,-31951
843.44,-31973
844.27,-31958
845.24,-31854
846,-31868
846.82,-31955
847.65,-31925
848.69,-31932
849.42,-31942
850.23,-31896
851.02,-31913
851.82,-32001
852.64,-31989
853.41,-31976
854.23,-31928
855.07,-31940
856.09,-31879
856.84,-31935
857.63,-31972
858.46,-31943
859.27,-31948
860.07,-31937
861.04,-31913
861.82,-31948
862.64,-31953
863.41,-31947
864.23,-31957
865.05,-32028
865.83,-31990
866.41,-31985
867.41,-31942
868.23,-31973
868.82,-31989
869.63,-31976
870.42,-31982
871.23,-31970
872.03,-31953
872.85,-31951
873.66,-31964
874.46,-32000
875.23,-31982
876.07,-31957
876.85,-31999
877.84,-31893
878.64,-31841
879.49,-31895
880.46,-31916
881.23,-31947
882.03,-32016
882.63,-32034
883.44,-32046
884.22,-31974
885.25,-31820
886.07,-31936
886.84,-31959
887.65,-31845
888.63,-31916
889.45,-31939
890.23,-31950
891.04,-31999
891.9,-31947
892.64,-31945
893.45,-31896
894.46,-31800
895.47,-31809
896.25,-31926
897.05,-31965
897.85,-31940
898.85,-31937
899.91,-31739
900.86,-31701
901.85,-31831
902.64,-31893
903.46,-31932
904.23,-31949
905.23,-31909
906.05,-31890
906.86,-31931
907.85,-31898
908.63,-31949
909.45,-31991
910.27,-31947
911.05,-31966
911.85,-31945
912.64,-31966
913.45,-31932
914.26,-31942
915.04,-31948
915.85,-31924
916.64,-31958
917.46,-32020
918.28,-31981
919.04,-31952
919.85,-31968
920.86,-31904
921.65,-31917
922.45,-31967
923.27,-31987
923.91,-32016
924.63,-31989
925.49,-31966
926.48,-31888
927.27,-31887
928.07,-31992
928.87,-31919
929.86,-31910
930.69,-31931
931.46,-31956
932.29,-31964
933.04,-31872
934.04,-31926
934.85,-31944
935.66,-31968
936.45,-31962
937.26,-31901
938.05,-31954
938.87,-32002
939.67,-32039
940.25,-32038
941.05,-32014
941.86,-32003
942.69,-31982
943.47,-31994
944.07,-31999
945.26,-31641
946.44,-31679
947.32,-31798
948.28,-31865
949.08,-31979
949.85,-32039
950.44,-31986
951.86,-31466
952.87,-31694
953.88,-31895
954.67,-31939
955.44,-31971
956.28,-31951
957.16,-31957
957.87,-31929
958.68,-31954
959.68,-31907
960.45,-31902
961.26,-31928
962.06,-31957
962.85,-31968
963.71,-31999
964.46,-32002
965.29,-31949
966.07,-31883
967.08,-31861
967.85,-31860
968.88,-31925
969.71,-31947
970.47,-31912
971.3,-31956
972.08,-31984
972.86,-31953
973.67,-31936
974.7,-31893
975.5,-31947
976.25,-31919
977.08,-31909
977.85,-31920
978.85,-31940
979.68,-31950
980.46,-31993
981.06,-31993
981.88,-31981
982.66,-31977
983.47,-31934
984.47,-31965
985.08,-32026
985.88,-31957
986.67,-31934
987.68,-31925
988.48,-31941
989.26,-31935
990.07,-31977
990.88,-31998
991.66,-31945
992.47,-31957
993.26,-31946
994.07,-31977
994.88,-31983
995.66,-31973
996.46,-31992
997.29,-31978
998.08,-32004
998.92,-31972
999.66,-31958
1000.5,-31955
1001.3,-31934
1002.1,-31989
1002.9,-31984
1003.5,-32007
1004.3,-32012
1005.1,-31975
1005.9,-32003
1006.7,-32001
1007.5,-32003
1008.3,-31981
1009.1,-31935
1009.9,-31963
1010.7,-31969
1011.5,-32016
1012.1,-32029
1012.9,-32020
1013.7,-32020
1014.5,-31985
1015.3,-31976
1016.1,-31976
1016.7,-31992
1017.7,-31949
1018.5,-31968
1019.1,-31978
1019.9,-31975
1020.7,-32021
1021.5,-32001
1022.3,-32025
1023.1,-31999
1023.9,-31977
1024.7,-31941
1025.5,-31877
1026.3,-31974
1027.1,-31998
1027.9,-32030
1028.5,-32032
1029.3,-32009
1030.1,-31948
1030.9,-31949
1031.9,-31874
1032.7,-31910
1033.5,-31922
1034.3,-31957
1035.1,-31982
1035.9,-31953
1036.7,-31975
1037.5,-32009
1038.3,-31972
1039.1,-31982
1039.9,-31980
1040.7,-31995
1041.5,-31976
1042.3,-31982
1043.1,-31998
1043.9,-31977
1044.5,-31997
1045.3,-31993
1046.1,-31996
1046.9,-32035
1047.7,-31989
1048.5,-31981
1049.3,-31970
1049.9,-32036
1050.7,-32036
1051.6,-32012
1052.3,-31979
1053.3,-31776
1054.1,-31806
1055.1,-31864
1055.9,-31970
1056.7,-31990
1057.5,-31956
1058.3,-31977
1059.1,-31860
1060.1,-31842
1061.1,-31849
1061.9,-31925
1062.7,-31969
1063.5,-32012
1064.1,-31987
1064.9,-31988
1065.9,-31897
1066.7,-31931
1067.5,-31961
1068.3,-31957
1069.1,-31981
1069.9,-31997
1070.7,-31943
1071.5,-31952
1072.3,-31982
1073.1,-31980
1073.9,-32012
1074.5,-32025
1075.3,-32038
1076.1,-32018
1076.9,-31984
1077.7,-31928
1078.5,-31970
1079.3,-31995
1080.1,-32012
1080.7,-32020
1081.5,-32018
1082.3,-32033
1082.9,-32018
1083.7,-31998
1084.5,-31994
1085.3,-32026
1085.9,-32054
1086.7,-32049
1087.5,-32014
1088.3,-31877
1089.3,-31893
1090.1,-31922
1090.9,-32016
1091.5,-32004
1092.3,-32008
1093.3,-31903
1094.1,-31884
1094.9,-31932
1095.7,-31933
1096.5,-31942
1097.5,-31950
1098.3,-31962
1098.9,-32010
1099.7,-32007
1100.5,-32030
1101.4,-31998
1101.9,-32016
1102.7,-32023
1103.5,-32005
1104.3,-32045
1104.9,-32017
1105.7,-32034
1106.5,-32032
1107.3,-32011
1107.9,-31997
1108.7,-31994
1109.5,-31974
1110.3,-31976
1111.1,-31973
1111.9,-31971
1112.7,-32040
1113.3,-32042
1114.1,-32062
1114.9,-32042
1115.5,-32029
1116.3,-32018
1117.1,-31983
1117.9,-31911
1118.7,-31933
1119.5,-31993
1120.3,-32023
1121.1,-32024
1121.7,-32043
1122.5,-32023
1123.3,-32013
1124.2,-32006
1124.9,-31995
1125.5,-31981
1126.5,-31946
1127.3,-31964
1128,-32013
1128.7,-32022
1129.5,-32031
1130.3,-31944
1131.1,-31964
1131.9,-31994
1132.8,-31998
1133.3,-32003
1134.2,-31972
1134.9,-31983
1135.7,-31987
1136.5,-32008
1137.4,-31960
1138.1,-31894
1139.1,-31947
1139.9,-31961
1140.5,-32015
1141.3,-32029
1142.1,-32042
1142.7,-32053
1143.6,-31985
1144.3,-31955
1145.1,-31948
1146.2,-31879
1146.9,-31986
1147.7,-31986
1148.5,-31991
1149.2,-32039
1150,-31979
1150.7,-31953
1151.7,-31890
1152.5,-31856
1153.5,-31825
1154.3,-31922
1155.1,-31917
1156.2,-31911
1156.9,-31970
1157.7,-31975
1158.3,-31994
1159.3,-31951
1160.2,-31948
1160.9,-31935
1161.8,-31920
1162.5,-31959
1163.5,-31937
1164.2,-31929
1165.2,-31877
1166,-31998
1166.7,-31985
1167.5,-31985
1168.1,-32002
1168.9,-31965
1170,-31945
1170.7,-31785
1171.8,-31831
1172.5,-31935
1173.3,-32000
1174.1,-32002
1175,-31912
1175.9,-31826
1177,-31817
1177.7,-31822
1178.7,-31883
1179.5,-31979
1180.4,-31924
1181.1,-31926
1181.9,-31932
1182.9,-31907
1183.7,-31913
1184.5,-31948
1185.4,-31917
1186.1,-31958
1187.1,-31937
1188,-31954
1188.7,-31930
1189.5,-31931
1190.4,-31930
1191.2,-31932
1192,-31997
1192.8,-32032
1193.6,-32037
1194.2,-32044
1194.9,-31926
1195.9,-31853
1197,-31817
1197.8,-31898
1198.5,-32014
1199.3,-31983
1200.1,-31971
1201,-31946
1201.8,-31931
1202.5,-31927
1203.5,-31808
1204.5,-31840
1205.4,-31873
1206.1,-31907
1206.9,-32000
1207.8,-31979
1208.6,-32019
1209.4,-31998
1210.1,-31942
1211,-31913
1211.9,-31881
1212.8,-31954
1213.6,-31932
1214.3,-31921
1215.2,-31906
1216.2,-31937
1217,-31900
1217.8,-31877
1218.5,-31975
1219.6,-31936
1220.4,-31938
1221.2,-31907
1221.9,-31952
1222.8,-31968
1223.5,-31963
1224.3,-31972
1225.2,-31959
1225.9,-31974
1226.8,-31967
1227.5,-32006
1228.4,-32014
1228.9,-32021
1229.8,-31990
1230.5,-31934
1231.6,-31943
1232.4,-31990
1233,-32012
1233.8,-31977
1234.6,-31996
1235.3,-31970
1236.2,-32009
1236.8,-32061
1237.8,-32016
1238.4,-32040
1239.2,-32008
1239.7,-31998
1240.8,-31917
1241.6,-31962
1242.2,-32043
1243,-32083
1243.6,-32117
1244.4,-32078
1245,-32055
1245.7,-32015
1246.6,-31983
1247.4,-31997
1248,-32053
1248.8,-32032
1249.4,-32059
1250.2,-32018
1251,-32038
1251.8,-31964
1252.6,-31892
1253.4,-31922
1254.2,-31972
1255.2,-31927
1256,-31907
1256.8,-31989
1257.6,-31979
1258.4,-31990
1259.2,-31934
1260,-31852
1261,-31897
1261.8,-31907
1262.6,-31953
1263.4,-31922
1264.3,-31918
1265.2,-31963
1266,-31956
1266.8,-31934
1267.6,-31895
1268.6,-31913
1269.4,-31961
1270,-32005
1270.8,-32006
1271.6,-32032
1272.4,-32015
1273,-32032
1274,-31874
1274.8,-31831
1275.8,-31780
1276.8,-31803
1277.6,-31933
1278.4,-31998
1279.2,-32015
1280,-31997
1280.8,-31919
1281.7,-31944
1282.4,-31949
1283.2,-31955
1284.2,-31927
1285,-31907
1285.8,-31858
1286.8,-31925
1287.6,-31992
1288.5,-31964
1289.2,-31950
1290,-31931
1290.8,-32001
1291.6,-31978
1292.4,-31973
1293.2,-31940
1294,-31987
1294.8,-31908
1295.6,-31977
1296.4,-31991
1297.2,-31997
1298,-31870
1299,-31899
1299.8,-31942
1300.6,-31952
1301.4,-31898
1302.2,-31926
1303.2,-31889
1304,-31885
1304.8,-31970
1305.6,-31994
1306.4,-31994
1307.2,-31998
1308,-31928
1308.8,-31886
1309.6,-31964
1310.4,-31931
1311.2,-31974
1312,-32024
1312.8,-31965
1313.6,-31940
1314.6,-31836
1315.4,-31883
1316.4,-31930
1317.2,-31957
1318,-31946
1318.8,-31926
1319.8,-31874
1320.6,-31946
1321.4,-31922
1322.2,-31885
1323,-31949
1323.8,-31946
1324.8,-31921
1325.7,-31949
1326.4,-31920
1327.2,-31958
1328,-32031
1328.8,-31969
1329.6,-31963
1330.4,-31877
1331.6,-31779
1332.4,-31747
1333.4,-31849
1334.2,-31834
1335.3,-31845
1336,-31916
1337,-31899
1337.9,-31905
1338.7,-31960
1339.4,-31926
1340.2,-31925
1341.2,-31873
1342.1,-31897
1343,-31912
1343.8,-31832
1344.8,-31899
1345.6,-31931
1346.4,-31945
1347.2,-31958
1348,-31924
1348.8,-31921
1349.8,-31759
1351,-31711
1352,-31791
1352.8,-31891
1353.8,-31815
1354.6,-31871
1355.4,-31978
1356.4,-31902
1357.2,-31876
1358.2,-31829
1359.3,-31809
1360,-31804
1361,-31748
1362,-31894
1362.8,-31968
1363.7,-31975
1364.2,-32032
1365.4,-31636
1366.5,-31724
1367.5,-31929
1368.2,-31929
1369.2,-31769
1370.2,-31776
1371,-31863
1371.8,-31938
1372.6,-31940
1373.6,-31890
1374.4,-31909
1375.2,-31948
1376,-31948
1376.9,-31957
1377.7,-32005
1378.4,-32016
1379.1,-32073
1379.8,-32081
1380.4,-32137
1381,-32143
1381.4,-32329
1382.8,-31451
1383.4,-32199
1384,-32189
1384.6,-32149
1385.2,-32114
1385.8,-32132
1386.4,-32173
1387,-32169
1387.6,-32136
1388.4,-32108
1389,-32126
1389.6,-32134
1390.2,-32136
1390.8,-32132
1391.6,-32132
1392.2,-32137
1392.8,-32158
1393.4,-32163
1394,-32156
1394.6,-32146
1395.2,-32141
1395.8,-32132
1396.6,-32116
1397.2,-32082
1398,-32047
1398.6,-31995
1399.4,-32083
1400,-32115
1400.6,-32144
1401.2,-32147
1401.8,-32143
1402.6,-31990
1403.8,-31667
1404.6,-31867
1405.4,-32034
1406.3,-31966
1407.7,-31448
1408.8,-31407
1410.2,-31365
1411.6,-31419
1412.8,-31582
1413.8,-31720
1414.8,-31880
1415.6,-31956
1416.4,-31895
1417.4,-31850
1418.2,-31876
1419,-32005
1419.8,-31980
1421,-31510
1422.2,-31546
1423.4,-31627
1424.4,-31752
1425.4,-31848
1426.3,-31897
1427.2,-31878
1428,-31877
1428.8,-31900
1429.8,-31946
1430.6,-31967
1431.2,-32062
1432,-32041
1432.8,-32009
1434,-31504
1435.2,-31597
1436,-31871
1436.8,-31982
1437.6,-32016
1438.4,-32012
1439.3,-31936
1440.4,-31440
1441.6,-31583
1442.8,-31695
1443.8,-31784
1444.6,-31865
1445.6,-31848
1446.8,-31454
1448,-31568
1449.2,-31697
1450.2,-31778
1451.4,-31436
1452.6,-31583
1453.6,-31787
1454.5,-31940
1455.5,-31822
1456.8,-31422
1457.8,-31722
1458.6,-31906
1459.8,-31721
1460.8,-31603
1462,-31669
1463,-31761
1463.8,-31873
1464.8,-31913
1465.6,-31908
1466.4,-31880
1467.2,-31954
1468.2,-31948
1469,-31976
1469.8,-31931
1471,-31433
1472.2,-31579
1473.2,-31800
1474,-31982
1474.8,-31943
1475.9,-31872
1477,-31464
1478.2,-31600
1479.3,-31737
1480.2,-31851
1481,-31847
1482.1,-31805
1483,-31784
1484,-31784
1485,-31858
1485.8,-31960
1486.6,-31860
1487.6,-31804
1488.8,-31538
1490,-31697
1490.9,-31894
1491.6,-31950
1492.5,-31940
1493.4,-31818
1494.9,-31435
1495.9,-31605
1497,-31657
1497.8,-31873
1498.9,-31874
1499.6,-31926
1500.6,-31822
1501.7,-31696
1502.8,-31635
1503.7,-31881
1504.7,-31876
1505.4,-31808
1506.7,-31736
1507.4,-31890
1508.3,-31956
1509,-31995
1509.9,-32060
1510.5,-32085
1511,-32074
1511.9,-31949
1513,-31624
1514,-31765
1515,-31842
1515.9,-31918
1516.7,-31938
1517.7,-31909
1518.4,-31880
1519.5,-31779
1520.4,-31718
1521.4,-31799
1522.3,-31890
1523.3,-31917
1524.1,-31934
1524.9,-31965
1525.7,-31990
1526.4,-31993
1527.3,-31943
1528.4,-31451
1529.7,-31595
1530.9,-31680
1531.7,-31807
1532.7,-31838
1533.7,-31874
1534.5,-31865
1535.4,-31791
1536.5,-31766
1537.2,-31910
1538.1,-31965
1539.1,-31915
1539.8,-31794
1541.3,-31460
1542.5,-31601
1543.5,-31719
1544.5,-31804
1545.3,-31884
1546.1,-31971
1546.9,-31947
1547.9,-31920
1549.1,-31445
1550.3,-31529
1551.7,-31540
1552.7,-31604
1553.8,-31720
1554.9,-31790
1555.9,-31804
1556.7,-31867
1557.5,-31944
1558.5,-31811
1559.5,-31806
1560.3,-31781
1561.5,-31760
1562.3,-31912
1563.1,-31992
1563.9,-31953
1564.7,-31859
1566.1,-31465
1567.1,-31653
1568.1,-31751
1569.1,-31944
1569.7,-32015
1570.7,-31892
1571.9,-31484
1573.1,-31682
1574.1,-31695
1574.9,-31924
1575.7,-31983
1576.5,-31963
1577.3,-31963
1578.1,-31989
1578.9,-31908
1579.9,-31787
1580.7,-31984
1581.5,-32008
1582.3,-31941
1583.1,-31951
1583.9,-31991
1584.7,-31945
1585.5,-31994
1586.3,-31988
1587.1,-32028
1587.7,-32029
1588.5,-32038
1589.3,-32033
1590.1,-31967
1590.9,-31918
1591.7,-31890
1592.5,-31934
1593.5,-31959
1594.1,-32035
1594.9,-32008
1595.7,-32024
1596.3,-32032
1597.1,-32032
1597.9,-32022
1598.7,-32004
1599.3,-32023
1600.1,-32060
1600.7,-32062
1601.5,-32071
1602.3,-32049
1602.9,-32021
1603.7,-32033
1604.3,-32081
1605.1,-32007
1605.9,-31969
1606.7,-32021
1607.5,-32000
1608.1,-32018
1608.9,-32031
1609.7,-31925
1610.7,-31902
1611.5,-31883
1612.3,-31938
1613.1,-31981
1613.9,-31969
1614.9,-31893
1615.7,-31831
1616.5,-31944
1617.5,-31939
1618.3,-31976
1619.1,-31950
1619.9,-31920
1620.7,-31843
1621.7,-31797
1622.7,-31897
1623.5,-31897
1624.3,-31917
1625.3,-31896
1626.1,-31827
1627.1,-31851
1627.9,-31935
1628.7,-31894
1629.7,-31873
1630.5,-31928
1631.5,-31848
1632.3,-31881
1633.1,-31953
1634.2,-31882
1634.9,-31933
1635.7,-31962
1636.5,-31851
1637.5,-31867
1638.3,-31928
1639.3,-31857
1640.1,-31918
1640.9,-31922
1641.9,-31893
1642.7,-31895
1643.5,-31871
1644.5,-31943
1645.3,-31910
1646.1,-31911
1646.9,-31937
1647.9,-31818
1648.9,-31874
1649.7,-31918
1650.5,-31869
1651.5,-31915
1652.3,-31955
1653.1,-31906
1654,-31896
1654.9,-31864
1655.7,-31840
1656.7,-31853
1657.5,-31990
1658.3,-31935
1659.1,-31970
1659.9,-31966
1660.7,-31891
1661.7,-31837
1662.7,-31758
1663.7,-31861
1664.5,-31887
1665.3,-31885
1666.3,-31916
1667.1,-31848
1668.1,-31896
1668.9,-31853
1669.9,-31824
1670.9,-31871
1671.7,-31956
1672.5,-31883
1673.5,-31842
1674.3,-31892
1675.3,-31857
1676.2,-31851
1677.1,-31851
1677.9,-31950
1678.7,-31970
1679.3,-32036
1680.1,-32021
1681.1,-31902
1681.9,-31929
1682.8,-31890
1683.7,-31883
1684.5,-31908
1685.3,-31898
1686.1,-31952
1687.1,-31910
1687.9,-31958
1688.8,-31912
1689.7,-31771
1690.8,-31748
1691.7,-31770
1692.7,-31847
1693.5,-31926
1694.3,-31830
1695.3,-31845
1696.1,-31993
1696.9,-31868
1697.9,-31895
1699.1,-31595
1700.3,-31564
1701.4,-31791
1702.1,-31942
1703,-31961
1703.7,-31875
1704.7,-31853
1705.7,-31792
1706.7,-31707
1707.7,-31794
1708.5,-31894
1709.3,-31911
1710.3,-31918
1711.3,-31816
1712.1,-31777
1713.1,-31861
1714.1,-31828
1715.1,-31758
1716.1,-31799
1716.9,-31853
1717.7,-31924
1718.5,-32007
1719.3,-31931
1720.2,-31958
1721.2,-31944
1721.9,-31786
1722.9,-31796
1723.9,-31855
1724.7,-31868
1725.7,-31900
1726.5,-31981
1727.4,-31934
1728.2,-32000
1728.9,-31902
1729.9,-31835
1730.8,-31863
1731.5,-31980
1732.4,-31957
1733.2,-31982
1734.1,-31839
1735.1,-31818
1735.9,-31813
1736.8,-31930
1737.6,-32002
1738.4,-32017
1739.2,-32023
1739.7,-32018
1740.6,-32035
1741.4,-32012
1742.1,-31997
1742.9,-31937
1744.2,-31660
1745.1,-31718
1745.9,-31896
1746.8,-31940
1747.5,-31938
1748.5,-31939
1749.4,-31874
1750.3,-31736
1751.4,-31723
1752.4,-31901
1753.1,-31913
1754,-31969
1754.7,-32019
1755.7,-31903
1756.5,-31738
1757.7,-31666
1758.5,-31833
1759.5,-31908
1760.3,-31969
1761.1,-31982
1762,-31802
1763,-31846
1763.9,-31876
1764.7,-31953
1765.3,-32043
1766.1,-31979
1767,-31961
1767.9,-31878
1768.7,-31960
1769.6,-32003
1770.3,-31968
1771,-32012
1772,-31897
1772.8,-31945
1773.7,-31801
1774.5,-31831
1775.4,-32006
1776.1,-32024
1777,-32036
1777.5,-31979
1778.4,-31975
1779.3,-31946
1780.1,-31915
1780.9,-31886
1781.7,-32003
1782.6,-32001
1783.1,-32065
1783.9,-32085
1784.7,-31993
1785.6,-31979
1786.3,-31879
1787.4,-31868
1788.1,-31878
1789,-31975
1789.7,-31998
1790.5,-31983
1791.4,-32018
1792.1,-31881
1792.9,-31941
1793.7,-31966
1794.6,-32000
1795.4,-31973
1796.1,-31985
1797,-32014
1797.7,-31913
1798.8,-31791
1799.8,-31766
1800.8,-31809
1801.5,-31978
1802.2,-32024
1803,-32031
1803.6,-32058
1804.4,-31978
1805.4,-31818
1806.4,-31727
1807.4,-31888
1808.1,-31999
1808.8,-32007
1809.5,-32001
1810.4,-31956
1811.3,-31816
1812.4,-31808
1813.1,-31992
1813.9,-31958
1814.6,-32038
1815.4,-32050
1816.2,-31996
1817,-31903
1818,-31902
1818.8,-31963
1819.6,-31931
1820.4,-31965
1820.9,-32029
1821.8,-31992
1822.5,-32020
1823.4,-32029
1823.9,-32030
1824.8,-32031
1825.6,-31995
1826.3,-32014
1827,-32039
1827.8,-32101
1828.3,-32044
1829.2,-32008
1830.2,-31833
1831.2,-31823
1831.8,-32020
1832.5,-32026
1833.4,-32060
1834,-32063
1834.8,-31926
1836,-31572
1837,-31777
1838.2,-31704
1838.9,-31898
1839.8,-31997
1840.6,-31949
1841.4,-31939
1842.2,-32016
1842.8,-32066
1843.8,-31904
1844.8,-31768
1845.8,-31711
1846.8,-31827
1847.6,-31940
1848.4,-31971
1849.2,-31935
1850,-32021
1850.8,-31934
1851.6,-31924
1852.6,-31863
1853.6,-31686
1854.6,-31758
1855.3,-31930
1856.2,-31974
1857,-31977
1858,-31792
1859,-31713
1860,-31894
1860.8,-31910
1861.8,-31751
1862.8,-31747
1863.8,-31872
1864.6,-31961
1865.4,-31953
1866.2,-31953
1867,-31983
1867.8,-32004
1868.4,-32075
1869.6,-31554
1870.6,-31756
1871.6,-31789
1872.3,-31944
1873.2,-32004
1874,-31944
1874.8,-31936
1875.6,-31947
1876.6,-31883
1877.4,-31868
1878.2,-31940
1879.2,-31930
1880,-31947
1880.8,-31997
1881.6,-31936
1882.4,-31897
1883.4,-31863
1884.2,-31943
1885,-31927
1885.7,-31955
1886.6,-31981
1887.4,-31965
1888.2,-31956
1889,-31928
1890,-31874
1890.8,-31882
1891.6,-31926
1892.4,-32008
1893.2,-32003
1894,-31968
1894.8,-31948
1895.6,-31988
1896.4,-31868
1897.4,-31897
1898.2,-31952
1899,-31953
1899.8,-31973
1900.6,-32034
1901.4,-31976
1902.2,-31926
1903,-31923
1903.8,-31986
1904.6,-31966
1905.4,-31954
1906.2,-31973
1907,-31992
1907.8,-32009
1908.4,-31999
1909.2,-32015
1910,-32074
1910.6,-32096
1911.4,-32035
1912.2,-32009
1913,-31927
1913.8,-31966
1914.4,-32043
1915.2,-32003
1916,-32030
1916.8,-32010
1917.6,-31927
1918.4,-31906
1919.2,-31911
1920,-31963
1921,-31942
1921.8,-31949
1922.6,-31938
1923.4,-31910
1924.4,-31878
1925.2,-31990
1926,-31944
1926.8,-31964
1927.6,-31964
1928.4,-31995
1929.2,-31952
1930,-31870
1930.8,-31904
1931.8,-31906
1932.6,-31930
1933.4,-31984
1934.2,-31971
1935,-31928
1936,-31775
1936.8,-31894
1937.6,-32015
1938.4,-32069
1939,-32076
1939.6,-32091
1940.4,-32072
1941.4,-31821
1942.6,-31525
1943.6,-31693
1944.6,-31902
1945.4,-31916
1946.3,-31930
1947.2,-31861
1948,-31914
1948.8,-32024
1949.4,-31995
1950.2,-31982
1951.2,-31910
1952,-31926
1952.8,-31932
1953.6,-31989
1954.4,-31984
1955.3,-31975
1956,-31958
1956.8,-31940
1957.6,-31950
1958.4,-31995
1959.2,-32016
1959.8,-32026
1960.6,-32024
1961.4,-32041
1962,-32032
1962.8,-31994
1963.6,-31959
1964.6,-31947
1965.4,-31957
1966.2,-31947
1967,-31999
1967.6,-31986
1968.4,-31987
1969.3,-31959
1970,-31993
1970.8,-31953
1971.6,-31969
1972.4,-31985
1973.2,-31944
1974,-31970
1974.8,-31955
1975.8,-31919
1976.6,-31887
1977.4,-31900
1978.2,-31969
1979,-31980
1979.8,-31981
1980.6,-31972
1981.4,-31922
1982.4,-31904
1983.2,-31956
1984,-31959
1984.8,-31950
1985.6,-31976
1986.4,-31936
1987.2,-31938
1988,-31988
1988.8,-31952
1989.8,-31911
1990.6,-31960
1991.4,-31972
1992,-31989
1992.8,-31991
1993.6,-32005
1994.4,-31943
1995.2,-31942
1996,-31952
1996.8,-31959
1997.6,-32002
1998.4,-32002
1999.2,-32031
1999.8,-32080
2000.6,-32122
2001.2,-32082
2002,-31993
2003,-31804
2003.8,-31801
2004.6,-31984
2005.4,-32032
2006.2,-32063
2006.8,-32032
2007.6,-32058
2008.4,-32021
2009.2,-31866
2010.2,-31826
2011,-31908
2012,-31874
2012.8,-31844
2013.6,-31918
2014.6,-31857
2015.5,-31912
2016.2,-31937
2017,-31969
2017.8,-31971
2018.8,-31832
2019.8,-31766
2020.9,-31815
2021.6,-31892
2022.4,-31991
2023.2,-31964
2024,-31954
2025,-31874
2026,-31766
2027,-31714
2027.8,-31910
2028.8,-31958
2029.4,-31930
2030.4,-31953
2031.3,-31843
2032.2,-31802
2033.2,-31871
2034,-31874
2034.8,-31868
2035.8,-31946
2036.6,-31943
2037.5,-31945
2038.3,-31952
2039.2,-31851
2040,-31824
2041,-31882
2041.8,-31930
2042.6,-31895
2043.4,-31985
2044.2,-31927
2045,-31951
2045.8,-31995
2046.6,-31925
2047.6,-31934
2048.4,-31965
2049.2,-31908
2050,-31937
2050.8,-31921
2051.6,-31959
2052.6,-31905
2053.4,-31880
2054.2,-31955
2055,-31957
2055.8,-31981
2056.6,-31950
2057.4,-31960
2058.3,-31958
2059.2,-31947
2060,-31905
2060.8,-31939
2061.6,-31999
2062.2,-32043
2063,-32022
2063.8,-32001
2064.8,-31809
2065.6,-31850
2066.6,-31910
2067.4,-31947
2068.2,-31986
2069,-31994
2069.6,-31986
2070.6,-31964
2071.5,-31942
2072.2,-31920
2073,-31916
2073.8,-31924
2074.6,-31956
2075.4,-31950
2076.2,-31990
2077.1,-31986
2077.8,-31967
2078.6,-32016
2079.4,-31976
2080.2,-32005
2081,-31961
2081.8,-31972
2082.6,-31953
2083.4,-31947
2084.2,-31962
2085,-31971
2085.8,-31956
2086.6,-31969
2087.5,-32013
2088.2,-32007
2089,-31976
2089.8,-31871
2090.6,-31920
2091.6,-31879
2092.4,-31909
2093.3,-31993
2094,-31984
2094.8,-31969
2095.6,-31948
2096.4,-31907
2097.2,-31959
2098,-32016
2098.8,-31972
2099.8,-31883
2100.6,-31893
2101.5,-31925
2102.2,-31933
2103,-31962
2103.9,-31967
2104.7,-31959
2105.6,-31926
2106.4,-31958
2107.2,-31952
2108,-31871
2108.8,-31935
2109.8,-31923
2110.6,-31949
2111.2,-32019
2112,-31985
2112.8,-31964
2113.6,-31981
2114.6,-31874
2115.4,-31908
2116.2,-31998
2117,-32013
2117.7,-32004
2118.5,-31994
2119.2,-31954
2120.2,-31925
2120.9,-32008
2121.6,-31983
2122.7,-31939
2123.2,-31987
2124.1,-32042
2124.9,-32037
2125.5,-32054
2126.2,-32049
2127,-32012
2127.9,-31956
2128.7,-31985
2129.3,-32073
2130,-32045
2130.6,-32043
2131.4,-32021
2132.2,-31965
2133.1,-31987
2133.8,-32003
2134.5,-32036
2135.4,-32059
2136,-32053
2136.7,-32074
2137.4,-32050
2138,-32036
2138.8,-31996
2139.6,-31964
2140.4,-31993
2141.3,-32002
2141.8,-32054
2142.6,-32055
2143.4,-32052
2144,-32075
2144.8,-32059
2145.4,-32037
2146.3,-32002
2147,-32070
2147.6,-32086
2148.3,-32082
2149,-32020
2149.9,-31965
2150.6,-31943
2151.4,-32017
2152.2,-32012
2153,-31969
2154.1,-31694
2155.3,-31714
2156.1,-31891
2156.9,-32008
2157.5,-32035
2158.3,-32001
2159.3,-31808
2160.3,-31696
2161.3,-31803
2162.3,-31856
2163,-31908
2163.8,-31921
2164.8,-31749
2166.1,-31710
2166.8,-31875
2167.7,-31930
2168.7,-31908
2169.4,-31922
2170.3,-31844
2171.3,-31889
2172,-31934
2172.8,-31899
2173.7,-31965
2174.6,-31821
2175.7,-31808
2176.4,-31972
2177,-32073
2177.8,-32055
2178.7,-31978
2179.6,-31795
2180.7,-31757
2181.7,-31768
2182.4,-31855
2183.4,-31862
2184.4,-31801
2185.3,-31853
2186.1,-32017
2186.8,-31948
2187.8,-31798
2189.3,-31452
2190.2,-31696
2191.1,-31870
2191.8,-32024
2192.7,-32069
2193.3,-32093
2194.1,-32030
2195.3,-31475
2196.4,-31631
2197.5,-31687
2198.4,-31823
2199.3,-31900
2200.1,-31959
2200.8,-32025
2201.7,-32002
2202.4,-31991
2203.3,-31952
2204.1,-31974
2204.9,-31988
2205.4,-32065
2206.3,-32040
2207.1,-31963
2208.1,-31831
2208.9,-31837
2209.6,-31948
2210.5,-31955
2211.3,-31966
2212.1,-32004
2212.9,-32021
2213.7,-31973
2214.8,-31510
2216.1,-31681
2217.1,-31785
2217.8,-31833
2218.8,-31732
2220.1,-31600
2221.5,-31501
2222.5,-31691
2223.3,-31891
2224.1,-31973
2224.8,-32000
2225.7,-32002
2226.5,-31997
2227.3,-32004
2227.9,-32052
2228.7,-31945
2229.7,-31777
2231.1,-31430
2232.1,-31836
2232.9,-31993
2233.7,-31993
2234.5,-31840
2235.9,-31454
2236.9,-31636
2237.9,-31855
2238.7,-31915
2239.5,-32021
2240.5,-31839
2241.9,-31371
2243.1,-31537
2244.1,-31642
2245.1,-31760
2246.1,-31837
2247.1,-31857
2248.1,-31686
2249.2,-31616
2250.5,-31573
2251.5,-31717
2252.3,-31956
2253.1,-31994
2253.9,-31924
2255.1,-31539
2256.3,-31567
2257.5,-31679
2258.3,-31839
2259.1,-32011
2259.9,-32011
2260.7,-31893
2261.7,-31923
2262.7,-31677
2263.9,-31530
2265.1,-31663
2266.1,-31774
2266.9,-31890
2267.7,-31969
2268.5,-31897
2269.5,-31856
2270.5,-31798
2271.5,-31688
2272.5,-31732
2273.5,-31847
2274.3,-31906
2275.3,-31868
2276.3,-31787
2277.1,-31841
2278.1,-31826
2279.1,-31768
2280.1,-31810
2280.9,-31857
2281.9,-31900
2282.7,-31820
2283.7,-31921
2284.5,-31921
2285.3,-31940
2286.1,-31934
2287.1,-31879
2287.9,-31842
2288.9,-31817
2289.7,-31937
2290.7,-31906
2291.5,-31887
2292.3,-31921
2293.3,-31911
2294.1,-31919
2294.9,-31956
2295.7,-31925
2296.5,-31930
2297.5,-31893
2298.1,-31995
2298.9,-32040
2299.7,-32071
2300.3,-32083
2301.1,-32055
2301.9,-31948
2302.5,-32008
2303.5,-31912
2304.3,-31849
2305.1,-31942
2306.1,-31964
2306.7,-31994
2307.5,-31996
2308.3,-32024
2309.1,-32035
2309.7,-32048
2310.5,-32050
2311.1,-32036
2312.1,-31889
2313.1,-31812
2314.1,-31775
2315.1,-31689
2316.3,-31657
2317.3,-31676
2318.3,-31769
2319.1,-31954
2319.9,-31901
2320.9,-31825
2322.3,-31373
2323.5,-31572
2324.5,-31788
2325.3,-31999
2326.3,-31746
2327.7,-31423
2328.9,-31509
2330.1,-31576
2331.1,-31731
2332.1,-31812
2332.9,-31894
2333.9,-31768
2335.1,-31523
2336.3,-31579
2337.5,-31712
2338.3,-31827
2339.3,-31919
2340.1,-31962
2340.9,-31885
2341.9,-31706
2343.1,-31569
2344.3,-31639
2345.3,-31727
2346.3,-31806
2347.3,-31784
2348.3,-31759
2349.5,-31621
2350.5,-31681
2351.5,-31777
2352.5,-31809
2353.3,-31887
2354.3,-31932
2355.1,-31944
2355.9,-31862
2357.3,-31493
2358.3,-31626
2359.3,-31893
2359.9,-32007
2360.7,-31964
2362,-31643
2363.1,-31605
2364.1,-31815
2364.9,-31918
2365.7,-31967
2366.6,-32000
2367.1,-32049
2367.9,-32059
2368.5,-32072
2369.3,-32082
2369.9,-32040
2370.9,-31876
2371.9,-31668
2373.1,-31732
2373.9,-31852
2374.7,-31971
2375.5,-31998
2376.3,-32054
2376.9,-32062
2377.7,-32047
2378.3,-32024
2379.7,-31528
2380.7,-31621
2381.7,-31903
2382.3,-32036
2383.1,-32039
2383.9,-31993
2384.7,-31913
2385.7,-31876
2386.5,-31995
2387.1,-32022
2387.9,-32043
2388.5,-32041
2389.3,-31999
2390.1,-31992
2391.1,-31905
2391.9,-31927
2392.7,-31957
2393.5,-31939
2394.3,-31956
2395.3,-31836
2396.1,-31982
2396.9,-31970
2397.7,-31962
2398.5,-31962
2399.3,-31936
2400.1,-31943
2401.1,-31791
2402.1,-31794
2402.9,-31858
2403.7,-31953
2404.5,-31949
2405.5,-31910
2406.3,-31924
2407.1,-31900
2407.9,-31917
2409,-31941
2409.5,-31997
2410.3,-31978
2411.4,-31951
2411.9,-31986
2412.9,-31918
2413.7,-31992
2414.3,-31982
2415.1,-31983
2415.9,-31984
2416.7,-31964
2417.7,-31786
2418.7,-31810
2419.5,-31988
2420.3,-31899
2421.1,-31966
2421.9,-32035
2422.7,-31964
2423.7,-31866
2424.5,-31817
2425.5,-31862
2426.3,-31892
2427.1,-31929
2427.9,-32005
2428.7,-31952
2429.5,-31947
2430.5,-31830
2431.5,-31843
2432.3,-31918
2433.1,-31976
2433.9,-31935
2434.7,-31932
2435.6,-31923
2436.5,-31910
2437.3,-31859
2438.4,-31745
2439.3,-31804
2440.1,-31946
2440.9,-32024
2441.8,-31978
2442.6,-31976
2443.3,-31868
2444.3,-31872
2445.3,-31843
2446.1,-31876
2447.1,-31851
2447.9,-31971
2448.7,-31900
2449.5,-31916
2450.3,-31937
2451.4,-31911
2452.1,-31946
2452.9,-31982
2453.7,-31886
2454.7,-31824
2455.5,-31919
2456.3,-31947
2457.1,-31924
2458.1,-31873
2459.1,-31834
2460,-31861
2460.7,-31958
2461.5,-31908
2462.6,-31901
2463.3,-31891
2464.1,-31975
2464.9,-31899
2466,-31920
2466.7,-31852
2467.7,-31861
2468.5,-31877
2469.5,-31829
2470.3,-31954
2471.1,-31945
2472,-31959
2472.7,-31951
2473.7,-31895
2474.6,-31856
2475.6,-31822
2476.4,-31888
2477.4,-31874
2478.1,-31815
2479.1,-31917
2479.9,-31903
2481,-31892
2481.7,-31935
2482.5,-31824
2483.5,-31836
2484.3,-31924
2485.4,-31873
2486.1,-31919
2486.9,-31952
2487.9,-31865
2488.7,-31858
2489.7,-31856
2490.7,-31751
2491.7,-31723
2492.5,-31972
2493.4,-31882
2494.4,-31906
2495.4,-31711
2496.3,-31776
2497.1,-31928
2497.9,-31985
2498.8,-31941
2499.8,-31791
2500.5,-31891
2501.3,-32021
2502.1,-31921
2503.1,-31814
2504.1,-31888
2505,-31907
2505.8,-31868
2506.8,-31888
2507.6,-31916
2508.3,-31898
2509.3,-31865
2510.1,-31961
2510.9,-31889
2511.9,-31833
2513,-31811
2513.8,-31920
2514.6,-31932
2515.5,-31917
2516.3,-31923
2517.2,-31909
2518.2,-31843
2518.9,-31800
2519.9,-31869
2520.9,-31827
2521.8,-31869
2522.5,-31956
2523.5,-31870
2524.3,-31883
2525.2,-31908
2526.2,-31900
2526.9,-31926
2527.8,-31865
2528.8,-31954
2529.5,-31919
2530.3,-31923
2531.2,-31969
2531.9,-31917
2532.9,-31902
2533.9,-31734
2534.9,-31680
2535.9,-31851
2536.8,-31971
2537.6,-31915
2538.6,-31873
2539.3,-31857
2540.3,-31789
2541.2,-31879
2541.9,-31975
2542.9,-31957
2543.6,-31974
2544.8,-31562
2545.9,-31735
2546.9,-31714
2547.8,-31994
2548.6,-31980
2549.4,-31929
2550.3,-31832
2551.2,-31878
2552,-31970
2552.8,-31984
2553.8,-31839
2554.6,-31875
2555.3,-31919
2556.2,-31935
2557.2,-31901
2558,-31922
2558.8,-31954
2559.6,-31958
2560.3,-31997
2561.2,-31998
2562,-31973
2562.6,-32083
2563.3,-32080
2564.2,-32000
2564.7,-32037
2565.6,-31968
2566.4,-31951
2567.2,-31955
2568,-31994
2568.8,-31987
2569.6,-32024
2570.3,-32013
2571,-32005
2571.7,-31990
2572.7,-31801
2573.7,-31811
2574.6,-31940
2575.4,-32029
2576,-32064
2576.8,-32076
2577.3,-32052
2578.2,-32032
2579,-31981
2579.7,-31982
2580.6,-31982
2581.4,-31866
2582.4,-31901
2583.2,-31960
2584,-31965
2584.8,-31994
2585.4,-32031
2586.2,-32030
2587,-32016
2587.7,-31967
2588.6,-31878
2589.6,-31892
2590.4,-31947
2591,-32019
2591.8,-32040
2592.6,-32072
2593.2,-32095
2593.8,-32073
2594.6,-32014
2595.7,-31595
2596.8,-31758
2597.8,-31882
2598.4,-31978
2599.4,-31945
2600.2,-31963
2601,-31809
2602.2,-31736
2603,-31867
2603.9,-31886
2604.8,-31913
2605.7,-31862
2606.6,-31833
2607.6,-31835
2608.4,-31879
2609.2,-31899
2610,-32015
2610.8,-31963
2611.6,-31924
2612.6,-31850
2613.4,-31970
2614.2,-31961
2615,-31909
2616,-31823
2617,-31778
2618,-31835
2618.8,-31933
2619.6,-31933
2620.4,-31940
2621.2,-32011
2622,-32008
2623,-31721
2624,-31719
2625,-31850
2625.8,-32006
2626.6,-31949
2627.4,-31908
2628.4,-31816
2629.6,-31597
2630.6,-31640
2631.6,-31851
2632.4,-31908
2633.4,-31835
2634.2,-31864
2635.2,-31812
2636.4,-31597
2637.6,-31662
2638.4,-31857
2639.2,-31976
2640.2,-31837
2641.4,-31481
2642.6,-31687
2643.6,-31648
2644.4,-31898
2645.4,-31874
2646.4,-31725
2647.6,-31662
2648.6,-31707
2649.6,-31814
2650.4,-31859
2651.4,-31898
2652.6,-31754
2653.6,-31592
2654.6,-31697
2655.4,-31940
2656.2,-32012
2657,-31967
2657.8,-31922
2658.6,-31987
2659.4,-32051
2660,-32041
2661,-31905
2662.2,-31476
2663.4,-31635
2664.4,-31778
2665.2,-31966
2666,-31913
2666.8,-31908
2667.8,-31867
2668.6,-31914
2669.6,-31849
2670.6,-31774
2671.4,-31801
2672.4,-31819
2673.4,-31880
2674.2,-31875
2675,-31887
2676,-31874
2677,-31834
2677.8,-31934
2678.6,-31897
2679.4,-31905
2680.4,-31848
2681.4,-31808
2682.2,-31861
2683.2,-31938
2684.1,-31964
2684.8,-31948
2685.6,-31917
2686.6,-31675
2687.8,-31683
2688.6,-31837
2689.4,-31971
2690.2,-32012
2691.2,-31802
2692.4,-31590
2693.4,-31770
2694.4,-31844
2695.2,-31883
2696,-31908
2697,-31843
2697.8,-31852
2698.8,-31889
2699.6,-31923
2700.4,-31983
2701.3,-31870
2702.2,-31863
2703,-31889
2704,-31864
2705,-31838
2705.8,-31913
2706.6,-32004
2707.4,-31973
2708,-31995
2709,-31893
2709.8,-31926
2710.6,-31976
2711.4,-31948
2712.2,-31958
2713,-31964
2714,-31908
2714.8,-31915
2715.6,-31991
2716.4,-32003
2717,-32017
2717.8,-31993
2718.6,-32064
2719.2,-32033
2720,-32032
2720.8,-31946
2721.6,-31899
2722.6,-31865
2723.4,-31925
2724.2,-31953
2725,-31965
2725.8,-31928
2726.6,-32024
2727.4,-31977
2728.2,-32016
2729,-31946
2729.8,-32001
2730.6,-31939
2731.6,-31797
2732.6,-31784
2733.4,-31887
2734.2,-31960
2735,-32026
2735.9,-32007
2736.6,-31955
2737.5,-31991
2738.2,-31979
2739,-31888
2739.9,-31865
2740.8,-31886
2741.6,-31942
2742.4,-31985
2743.2,-31939
2744.2,-31872
2745,-31938
2745.8,-31980
2746.6,-31985
2747.4,-31963
2748.2,-31884
2749,-31909
2749.8,-32017
2750.6,-31971
2751.4,-31989
2752.2,-31986
2753,-31986
2753.8,-31982
2754.6,-31941
2755.4,-31963
2756.2,-31964
2757,-31972
2757.8,-32020
2758.6,-31960
2759.4,-31944
2760.2,-31974
2761,-31987
2761.8,-31995
2762.4,-32060
2763.2,-31990
2764,-32025
2764.8,-31919
2765.8,-31796
2766.8,-31827
2767.4,-32007
2768.2,-32039
2768.8,-32065
2769.6,-32038
2770.4,-32032
2771.2,-31846
2772.2,-31922
2772.8,-32001
2773.7,-31994
2774.4,-32021
2775.2,-32072
2776.2,-31688
2777.2,-31767
2778,-31905
2778.8,-31968
2779.6,-32051
2780.4,-32019
2781.2,-31919
2782.2,-31773
2783,-31849
2784,-31934
2784.8,-31930
2785.6,-31936
2786.6,-31782
2787.6,-31713
2788.5,-31922
2789.4,-31946
2790.2,-31963
2791,-31957
2792,-31719
2793,-31658
2794,-31821
2795,-31858
2795.8,-31873
2796.8,-31884
2797.6,-31885
2798.4,-31922
2799.4,-31856
2800.4,-31775
2801.2,-31857
2802.2,-31910
2803.1,-31939
2803.8,-31983
2804.6,-31920
2805.6,-31772
2806.7,-31668
2807.6,-31806
2808.4,-31973
2809.2,-32021
2809.8,-32064
2810.6,-32082
2811.2,-32103
2812,-31970
2813.4,-31463
2814.4,-31676
2815.4,-31757
2816.2,-31967
2817.1,-31944
2817.9,-31952
2818.8,-31858
2819.7,-31852
2820.6,-31885
2821.6,-31775
2822.6,-31703
2823.6,-31854
2824.4,-31976
2825.2,-31975
2826,-31970
2827,-31720
2828,-31662
2829,-31833
2830,-31849
2830.8,-31938
2831.8,-31686
2833,-31671
2833.8,-31918
2834.6,-31950
2835.4,-31930
2836.5,-31893
2837.4,-31654
2838.6,-31685
2839.5,-31861
2840.5,-31899
2841.2,-31818
2842.2,-31791
2843.5,-31683
2844.4,-31784
2845.2,-31957
2845.8,-32013
2846.6,-32005
2847.5,-32042
2848.5,-31769
2849.4,-31700
2850.4,-31788
2851.4,-31844
2852.2,-31841
2853.2,-31884
2854,-31902
2854.8,-31898
2855.8,-31941
2856.6,-31941
2857.4,-31963
2858.2,-31958
2859.2,-31812
2860.2,-31773
2861,-31894
2861.8,-31931
2862.8,-31858
2863.6,-31919
2864.4,-31853
2865.4,-31835
2866.2,-31936
2867,-31975
2867.8,-31998
2868.6,-32003
2869.4,-31971
2870.2,-31986
2871,-31996
2871.9,-31993
2872.5,-32015
2873.2,-32005
2874.1,-31972
2874.9,-32004
2875.6,-32049
2876.2,-32060
2877,-32073
2877.6,-32034
2878.4,-32046
2879.3,-32001
2880,-31945
2880.9,-31973
2881.6,-32000
2882.3,-32032
2883.1,-32060
2883.6,-32076
2884.4,-32071
2885,-32058
2885.8,-32084
2886.4,-32130
2887,-32100
2887.8,-32023
2889,-31652
2889.8,-31805
2890.6,-31972
2891.4,-32044
2892,-32066
2892.8,-32002
2893.6,-31953
2894.8,-31592
2895.8,-31769
2897,-31713
2897.9,-31961
2898.6,-31945
2899.5,-31847
2900.4,-31837
2901.4,-31705
2902.5,-31745
2903.5,-31906
2904.2,-31959
2905,-31861
2905.9,-31955
2906.9,-31896
2907.7,-31880
2908.5,-31962
2909.3,-31950
2910,-31945
2910.8,-31945
2911.8,-31812
2912.9,-31835
2913.7,-32026
2914.3,-31992
2915,-32006
2915.9,-31983
2916.9,-31833
2917.7,-31871
2918.4,-31999
2919.2,-32070
2919.8,-32083
2920.7,-32051
2921.7,-31739
2922.7,-31749
2923.7,-31851
2924.3,-32026
2925.1,-32004
2925.9,-31922
2926.9,-31841
2927.9,-31825
2928.7,-31940
2929.4,-31938
2930.4,-31822
2931.3,-31811
2932.3,-31944
2932.8,-32026
2933.6,-32059
2934.4,-32016
2935.3,-31856
2936.3,-31892
2936.8,-32030
2937.6,-32058
2938.2,-32062
2939.1,-32017
2940.1,-32032
2940.5,-32077
2941.1,-32112
2941.8,-32105
2942.4,-32050
2943.2,-32082
2943.9,-32087
2944.7,-32113
2945.3,-32129
2945.8,-32119
2946.4,-32126
2947.1,-32143
2947.7,-32127
2948.4,-32135
2949.1,-32121
2949.7,-32163
2950.2,-32136
2950.8,-32140
2951.4,-32148
2952.1,-32147
2952.9,-32133
2953.4,-32121
2954.1,-32150
2954.7,-32133
2955.3,-32122
2955.9,-32133
2956.7,-32164
2957.3,-32169
2958,-32146
2958.5,-32177
2959.1,-32159
2959.7,-32170
2960.2,-32159
2960.9,-32186
2961.5,-32165
2962.1,-32142
2962.7,-32110
2963.3,-32099
2964.1,-32052
2964.7,-32048
2965.5,-32092
2966.1,-32107
2966.8,-32104
2967.5,-32080
2968.1,-32104
2968.8,-32075
2969.5,-32049
2970.3,-32063
2970.8,-32078
2971.8,-31888
2972.7,-31887
2973.5,-32067
2974.1,-32098
2974.7,-32113
2975.5,-32097
2976.4,-31763
2977.3,-31793
2978.1,-32036
2978.9,-31938
2979.7,-32023
2980.5,-32078
2981.1,-32130
2981.6,-32088
2982.7,-31679
2983.7,-31786
2984.7,-31921
2985.2,-32064
2986.1,-32020
2986.9,-32042
2987.6,-31933
2988.5,-31928
2989.3,-31963
2990.1,-31880
2991.1,-31929
2991.9,-31888
2992.6,-31932
2993.5,-31992
2994.2,-31900
2995.3,-31835
2996.2,-31869
2996.9,-32029
2997.7,-32093
2998.3,-32127
2999,-32135
2999.7,-32061
3000.7,-31595
3001.7,-31844
3002.5,-32059
3003.1,-32106
3003.7,-32066
3004.7,-31828
3006.1,-31473
3007.1,-31721
3007.9,-31914
3008.7,-31970
3009.4,-32042
3010.1,-32070
3010.7,-32098
3011.7,-32067
3012.7,-31502
3013.9,-31672
3014.7,-31938
3015.3,-32080
3016.1,-32086
3016.7,-32099
3018.1,-31481
3019.3,-31578
3020.3,-31657
3021.1,-31937
3021.9,-32053
3022.7,-31993
3023.9,-31535
3024.9,-31688
3025.9,-31893
3026.7,-31976
3027.3,-31999
3028.1,-31982
3029.1,-31933
3029.9,-31931
3030.6,-31933
3031.5,-31926
3032.3,-31937
3033.1,-31930
3034.1,-31950
3034.9,-31925
3035.7,-31902
3036.5,-31893
3037.5,-31964
3038.3,-31865
3039.3,-31859
3040.3,-31692
3041.5,-31661
3042.5,-31802
3043.3,-31886
3044.1,-31862
3045.1,-31894
3045.9,-31919
3046.7,-32007
3047.9,-31544
3049.1,-31569
3050.1,-31637
3051.1,-31858
3051.9,-32009
3052.5,-32081
3053.3,-31986
3054.5,-31582
3055.7,-31578
3056.9,-31605
3057.7,-31875
3058.5,-31985
3059.3,-31919
3060.3,-31770
3061.5,-31599
3062.3,-31938
3063.1,-32015
3063.9,-31921
3064.9,-31945
3065.9,-31783
3067.1,-31519
3068.1,-31740
3068.9,-31909
3069.7,-31955
3070.7,-31901
3071.5,-31875
3072.3,-31896
3073.3,-31819
3074.3,-31796
3075.1,-31878
3076.1,-31880
3076.9,-31897
3077.9,-31876
3078.7,-31878
3079.5,-31915
3080.5,-31949
3081.3,-31891
3082.2,-31877
3082.9,-31968
3083.9,-31895
3084.7,-31876
3085.9,-31533
3087.1,-31642
3087.9,-31906
3088.7,-31981
3089.5,-32036
3090.3,-32027
3091.5,-31425
3092.7,-31542
3093.7,-31794
3094.5,-31998
3095.3,-31965
3096.1,-31917
3097.1,-31881
3097.9,-31924
3098.7,-31928
3099.5,-31968
3100.3,-32031
3100.9,-32074
3101.7,-32070
3102.5,-32050
3103.1,-32073
3103.7,-32074
3104.5,-32072
3105.5,-31756
3106.7,-31614
3107.7,-31670
3108.7,-31756
3109.7,-31791
3110.7,-31889
3111.3,-31994
3112.3,-31880
3113.5,-31498
3114.7,-31582
3115.7,-31722
3116.9,-31742
3117.7,-31794
3118.7,-31849
3119.5,-31987
3120.3,-31981
3121.1,-31859
3122.7,-31316
3123.9,-31454
3125.3,-31479
3126.5,-31574
3127.5,-31657
3128.7,-31703
3129.5,-31836
3130.3,-31922
3131.3,-31829
3132.7,-31397
3133.9,-31512
3135.1,-31571
3136.3,-31583
3137.5,-31602
3138.5,-31714
3139.5,-31846
3140.3,-31910
3141.7,-31449
3142.9,-31460
3144.1,-31531
3145.3,-31601
3146.5,-31628
3147.5,-31691
3148.5,-31752
3149.5,-31925
3150.3,-31959
3151.1,-31872
3152.5,-31361
3153.9,-31495
3155.1,-31515
3156.3,-31639
3157.1,-31834
3157.9,-31971
3158.7,-32007
3159.5,-32055
3160.3,-31969
3161.5,-31744
3162.3,-31704
3163.3,-31790
3164.1,-31986
3164.9,-31936
3165.9,-31838
3166.9,-31751
3167.9,-31793
3168.7,-31926
3169.5,-31994
3170.1,-32021
3170.9,-31982
3171.7,-32046
3172.5,-32033
3173.1,-32042
3173.9,-32077
3174.5,-32088
3175.3,-32081
3176.1,-31786
3176.7,-32294
3177.3,-32040
3178.1,-32038
3178.9,-32075
3179.5,-32061
3180.3,-32041
3181.1,-31852
3182.3,-31666
3183.4,-31780
3184.1,-31903
3184.9,-31959
3185.7,-32043
3186.3,-32067
3187.2,-32078
3187.7,-32040
3188.5,-32001
3189.7,-31550
3190.9,-31674
3191.8,-31867
3192.6,-31987
3193.3,-32026
3193.9,-32088
3194.7,-32089
3195.3,-32020
3196.6,-31654
3197.5,-31729
3198.5,-31782
3199.5,-31858
3200.3,-31942
3201.1,-31988
3201.9,-32004
3202.6,-31974
3203.3,-32000
3204.3,-31921
3205.1,-31834
3206.1,-31887
3206.9,-31977
3207.5,-31976
3208.3,-32005
3209.1,-32013
3209.9,-32072
3210.5,-32085
3211.3,-32011
3212.3,-31793
3213.1,-31806
3213.9,-31957
3214.7,-32016
3215.6,-32028
3216.3,-31983
3217.1,-32011
3218.1,-31803
3218.9,-31826
3219.9,-31884
3220.7,-31854
3221.9,-31679
3222.7,-31829
3223.8,-31925
3224.5,-31983
3225.1,-31965
3226.5,-31560
3227.5,-31729
3228.5,-31692
3229.3,-31900
3230.1,-31985
3231.2,-31888
3231.9,-31910
3233,-31855
3234,-31729
3234.9,-31728
3235.7,-31942
3236.5,-31995
3237.4,-31975
3238.1,-31962
3239.1,-31810
3240.1,-31708
3241.1,-31829
3241.9,-31891
3242.9,-31907
3243.7,-31938
3244.5,-31941
3245.4,-31948
3246.1,-31924
3247,-31938
3247.7,-31929
3248.7,-31872
3249.5,-31953
3250.3,-31946
3251.1,-31964
3251.9,-31967
3252.7,-31979
3253.5,-32020
3254.1,-32040
3255,-32013
3255.7,-32012
3256.5,-32005
3257.3,-31999
3258.1,-31992
3258.9,-31932
3259.7,-31865
3260.6,-31935
3261.4,-32032
3262.1,-32034
3263,-32024
3263.5,-31991
3264.5,-31926
3265.3,-31963
3266.1,-31938
3267,-31933
3267.7,-31898
3268.5,-31960
3269.3,-31962
3270.2,-31941
3270.9,-31973
3271.9,-31953
3272.8,-31932
3273.5,-31926
3274.3,-31955
3275.1,-31957
3275.9,-31999
3276.7,-32007
3277.4,-32003
3278.1,-32032
3279,-32029
3279.8,-31979
3280.5,-31851
3281.5,-31838
3282.4,-31907
3283.3,-31915
3284.1,-31858
3284.9,-31953
3285.7,-31971
3286.5,-31977
3287.3,-31994
3288.2,-31965
3288.9,-31966
3289.7,-32016
3290.8,-31798
3291.7,-31806
3292.5,-31843
3293.3,-31897
3294.2,-32011
3294.9,-31958
3295.9,-31903
3296.8,-31925
3297.8,-31832
3298.5,-31912
3299.4,-31991
3300.2,-31904
3300.9,-31894
3302.2,-31565
3303.4,-31641
3304.3,-31822
3305.2,-31985
3305.9,-31847
3307.2,-31703
3308.2,-31689
3309.2,-31718
3310.2,-31786
3310.9,-31937
3311.9,-31906
3312.7,-31837
3313.9,-31667
3314.9,-31706
3315.7,-31903
3316.6,-31988
3317.3,-31984
3318.4,-31894
3319.3,-31738
3320.4,-31706
3321.2,-31955
3322,-31920
3322.9,-31832
3323.8,-31936
3324.8,-31881
3325.6,-31884
3326.3,-31926
3327.4,-31895
3328.2,-31847
3329,-31932
3330,-31923
3330.8,-31939
3331.6,-32020
3332.4,-31941
3333.2,-31879
3334.2,-31883
3335,-31878
3335.8,-31908
3336.6,-31987
3337.3,-31965
3338.2,-31961
3339,-31979
3339.8,-31949
3340.6,-31954
3341.6,-31913
3342.3,-31964
3343.1,-31986
3344,-31982
3344.8,-31864
3345.8,-31818
3346.6,-31866
3347.4,-31971
3348.2,-31966
3349,-32020
3349.8,-32013
3350.6,-31961
3351.4,-31955
3352.4,-31822
3353.2,-31869
3354.2,-31867
3355,-31956
3355.8,-31986
3356.4,-32019
3357.2,-32002
3358,-31959
3359.1,-31616
3360.2,-31666
3361.2,-31865
3362,-31987
3362.7,-31974
3363.6,-31954
3364.6,-31855
3365.4,-31847
3366.4,-31863
3367.2,-31859
3368.1,-31844
3369,-31932
3369.7,-31985
3370.6,-31966
3371.4,-32021
3372.2,-31943
3373,-31872
3374,-31841
3374.8,-31964
3375.6,-31973
3376.4,-31951
3377.2,-31983
3378,-31984
3378.8,-31971
3379.6,-31982
3380.4,-31901
3381.2,-31919
3382,-31955
3382.8,-31953
3383.6,-31970
3384.4,-32020
3385.2,-32024
3386,-32007
3386.8,-31981
3387.4,-31993
3388.1,-31992
3389,-31987
3390,-31925
3390.8,-31919
3391.6,-31968
3392.4,-31991
3393,-32043
3393.8,-32061
3394.4,-32085
3395.2,-32005
3396,-31942
3397,-31772
3398,-31795
3398.8,-31946
3399.6,-32007
3400.4,-31992
3401.2,-31921
3402.2,-31787
3403.2,-31819
3404.2,-31807
3405,-31774
3406,-31855
3407,-31863
3407.8,-31888
3408.6,-31929
3409.4,-31895
3410.4,-31904
3411.2,-31841
3412.2,-31926
3413,-31923
3413.8,-31905
3414.6,-31932
3415.6,-31895
3416.4,-31883
3417.2,-31954
3418,-31974
3418.8,-31955
3419.6,-31981
3420.6,-31889
3421.6,-31787
3422.4,-31881
3423.2,-31950
3424,-31974
3424.8,-32025
3425.6,-32002
3426.4,-31936
3427.2,-31899
3428,-31893
3429,-31828
3430,-31891
3430.8,-31943
3431.6,-31922
3432.4,-32003
3433.2,-31937
3434.2,-31828
3435,-31853
3436,-31850
3436.8,-31850
3437.8,-31913
3438.6,-31969
3439.2,-32022
3440,-31997
3440.8,-32012
3441.8,-31840
3442.6,-31883
3443.4,-31938
3444.2,-31958
3445,-31959
3445.8,-31936
3446.8,-31902
3447.6,-31954
3448.6,-31966
3449.2,-31957
3450,-32042
3450.6,-32081
3451.4,-32058
3452,-31982
3452.8,-31968
3453.8,-31926
3454.6,-31906
3455.4,-31929
3456.2,-31954
3457,-31989
3457.8,-31981
3458.6,-32004
3459.4,-31947
3460.2,-31876
3461.2,-31866
3462,-31894
3463,-31917
3463.8,-31919
3464.6,-31890
3465.6,-31887
3466.4,-31964
3467.2,-31970
3467.8,-31991
3468.6,-31993
3469.6,-31936
3470.4,-31890
3471.2,-31929
3472,-31915
3473,-31932
3473.8,-31934
3474.6,-31946
3475.4,-31899
3476.2,-31954
3477,-31988
3477.8,-31999
3478.6,-32022
3479.4,-31869
3480.4,-31890
3481.2,-31980
3482,-31972
3482.8,-31965
3483.4,-31983
3484.4,-31957
3485.2,-31966
3485.8,-31985
3486.6,-31963
3487.4,-31989
3488.2,-31948
3489,-31998
3489.8,-31963
3490.6,-31948
3491.4,-31984
3492.2,-31966
3493,-31958
3493.8,-31973
3494.6,-32011
3495.4,-31997
3496.2,-32006
3497,-32013
3497.8,-31966
3498.6,-31836
3499.6,-31814
3500.4,-31888
3501.4,-31951
3502.2,-31908
3503,-31931
3503.8,-31923
3504.8,-31899
3505.6,-31963
3506.4,-31931
3507.2,-31896
3508,-31945
3508.9,-31946
3509.8,-31936
3510.4,-32003
3511.2,-31953
3512.2,-31959
3513,-31874
3513.8,-31909
3514.8,-31928
3515.6,-31920
3516.5,-32001
3517.2,-31921
3518,-31910
3518.8,-31939
3519.8,-31905
3520.6,-31910
3521.4,-31894
3522.2,-31949
3523,-31953
3523.8,-31968
3524.6,-32010
3525.4,-31987
3526.4,-31876
3527.2,-31784
3528.2,-31875
3529,-31966
3529.8,-31963
3530.6,-31974
3531.4,-31968
3532.4,-31853
3533.2,-31937
3534,-32005
3534.6,-31994
3535.4,-32012
3536.2,-31932
3537.2,-31906
3538,-31975
3538.6,-31984
3539.4,-32023
3540.2,-32057
3541,-32020
3541.7,-31971
3542.7,-31909
3543.4,-31931
3544.2,-31983
3545,-32021
3545.6,-32032
3546.4,-32019
3547.2,-32032
3547.8,-32066
3548.4,-32118
3549.2,-32136
3549.8,-32091
3550.6,-32050
3551.4,-32001
3552.2,-31938
3553,-31957
3553.6,-32058
3554.4,-32064
3555,-32053
3555.8,-32045
3556.6,-32025
3557.4,-31938
3558.3,-31856
3559.1,-32011
3559.8,-32023
3560.4,-32052
3561.2,-32007
3562,-31996
3563,-31825
3564,-31830
3564.8,-31961
3565.4,-32005
3566.3,-32042
3567,-32007
3567.7,-32032
3568.6,-31963
3569.6,-31732
3570.6,-31728
3571.4,-31908
3572.2,-31964
3573,-31970
3573.8,-32019
3574.8,-31848
3575.6,-31839
3576.6,-31898
3577.4,-31982
3578.2,-31901
3579.2,-31779
3580.2,-31791
3581,-31848
3581.8,-31934
3582.6,-31993
3583.4,-31921
3584.4,-31816
3585.4,-31814
3586.4,-31821
3587.2,-31841
3588.3,-31943
3589,-31935
3589.8,-31911
3590.6,-31995
3591.4,-31971
3592.2,-31962
3593,-31914
3593.8,-31938
3594.8,-31898
3595.6,-31888
3596.4,-31953
3597.2,-31935
3598,-31938
3598.8,-31997
3599.6,-31975
3600.4,-31959
3601.6,-31682
3602.6,-31699
3603.6,-31876
3604.4,-31959
3605,-32001
3606.1,-31823
3607.2,-31537
3608.2,-31782
3609.2,-31845
3610,-31884
3611.1,-31851
3611.8,-31846
3612.8,-31939
3613.7,-31840
3614.8,-31701
3615.8,-31726
3616.6,-31856
3617.4,-31965
3618.2,-31954
3619.5,-31700
3620.4,-31636
3621.4,-31817
3622.2,-31920
3623,-31975
3623.8,-32066
3624.6,-31947
3625.4,-31915
3626.4,-31869
3627.2,-31903
3628,-31990
3629,-31974
3629.7,-31978
3630.4,-31956
3631.2,-31918
3632.2,-31893
3633,-31913
3633.8,-31903
3634.8,-31856
3635.7,-31908
3636.4,-32007
3637.2,-32032
3637.8,-31990
3638.7,-31973
3639.6,-31864
3640.6,-31781
3641.6,-31774
3642.5,-31909
3643.2,-31995
3644,-32028
3644.7,-32036
3645.6,-31748
3646.7,-31787
3647.6,-31908
3648.4,-31972
3649,-32003
3649.8,-31994
3650.6,-31962
3651.4,-32009
3652.2,-31983
3653,-31960
3653.9,-31990
3654.6,-31959
3655.4,-31996
3656.2,-32039
3656.8,-32045
3657.6,-32062
3658.4,-31993
3659.1,-32027
3659.8,-32008
3660.6,-32029
3661.5,-32007
3662,-32048
3662.8,-32077
3663.4,-32100
3664,-32102
3664.9,-32114
3665.4,-32115
3666,-32092
3666.8,-32025
3667.6,-32019
3668.4,-32005
3669,-32025
3669.8,-32005
3670.7,-32032
3671.3,-32069
3672.1,-32050
3672.6,-32079
3673.4,-32031
3674.3,-32039
3674.8,-32026
3675.6,-31995
3676.4,-31941
3677.3,-31975
3678,-32013
3678.8,-32034
3679.4,-32066
3680.2,-32067
3680.9,-32029
3681.8,-31857
3682.6,-31923
3683.5,-31957
3684.2,-31963
3685,-31939
3686,-31933
3686.8,-31961
3687.4,-32046
3688.3,-32035
3689,-32027
3689.8,-31911
3690.7,-31910
3691.4,-32013
3692.3,-31928
3693,-31965
3693.8,-31936
3694.9,-31904
3695.7,-31935
3696.4,-32022
3697,-32015
3697.9,-32024
3698.6,-32033
3699.5,-31973
3700.3,-31904
3701,-31986
3701.9,-32013
3702.7,-31986
3703.4,-31949
3704.3,-31941
3704.8,-32041
3705.7,-32069
3706.3,-32106
3707,-32054
3707.6,-32058
3708.4,-32047
3709.3,-32003
3710,-31955
3710.9,-31928
3711.7,-32023
3712.4,-32033
3713,-32032
3713.8,-32001
3714.6,-32016
3715.4,-31887
3716.4,-31826
3717.3,-31868
3718.1,-31958
3718.9,-31973
3719.7,-32049
3720.4,-31968
3721.4,-31798
3722.4,-31803
3723.3,-31906
3724.1,-31969
3724.8,-31975
3725.6,-31962
3726.4,-31993
3727.3,-31958
3728.1,-31972
3728.9,-31919
3729.7,-31944
3730.4,-31994
3731.2,-31958
3732.1,-31984
3732.8,-32048
3733.5,-32043
3734.2,-32061
3735.1,-31948
3736.1,-31789
3737.1,-31764
3738.1,-31820
3738.8,-31948
3739.5,-32015
3740.2,-32024
3741.1,-32040
3741.8,-32023
3742.4,-31983
3743.2,-31965
3744.2,-31922
3745.1,-31913
3745.8,-31950
3746.7,-31987
3747.5,-32025
3748.1,-32033
3748.9,-32013
3749.8,-31888
3750.4,-31970
3751.2,-32006
3752.1,-32026
3752.8,-32012
3753.7,-31995
3754.4,-31957
3755.3,-32007
3756.1,-31958
3756.7,-32009
3757.4,-31999
3758.2,-31970
3759.1,-31941
3760.1,-31871
3760.8,-31855
3761.9,-31876
3762.7,-31965
3763.5,-32011
3764.1,-32035
3764.9,-32065
3765.4,-32082
3766.2,-32077
3766.9,-32074
3767.7,-32045
3768.7,-31802
3769.7,-31783
3770.5,-31946
3771.3,-31967
3772.1,-31963
3772.9,-32001
3773.5,-32005
3774.2,-32057
3775.1,-31992
3776.3,-31609
3777.3,-31700
3778.2,-31846
3779.1,-31957
3779.9,-31967
3780.7,-31983
3781.5,-31924
3782.2,-31837
3783.3,-31911
3784.1,-31896
3784.9,-31940
3785.9,-31900
3786.6,-31825
3787.5,-31918
3788.5,-31948
3789.3,-31974
3790.1,-31962
3790.9,-31839
3791.9,-31733
3793.1,-31728
3793.9,-31914
3794.7,-31991
3795.5,-31948
3796.3,-31931
3797.3,-31806
3798.3,-31789
3799.1,-31899
3799.9,-32007
3800.7,-32020
3801.3,-32075
3802.1,-32059
3802.7,-32034
3803.6,-31887
3804.7,-31821
3805.5,-31874
3806.3,-32016
3806.9,-32016
3807.6,-32043
3808.5,-32032
3809.1,-32045
3809.9,-32030
3810.7,-32007
3811.9,-31516
3813.1,-31528
3814.3,-31653
3815.3,-31843
3816.1,-31939
3816.9,-31910
3817.7,-31973
3818.5,-32035
3819.3,-31939
3820.3,-31752
3821.3,-31633
3822.3,-31849
3823.3,-31892
3824.1,-31892
3824.9,-31869
3825.9,-31891
3826.7,-31914
3827.5,-31934
3828.3,-31905
3829.1,-31972
3829.9,-32046
3830.7,-32024
3831.5,-32008
3832.1,-32053
3833.1,-31798
3834.3,-31564
3835.3,-31726
3836.1,-32001
3836.9,-32005
3837.7,-32022
3838.3,-32006
3839.1,-32021
3839.9,-31993
3841.3,-31476
3842.3,-31701
3843.3,-31830
3844.1,-31919
3844.9,-31912
3845.9,-31873
3846.7,-31834
3847.7,-31756
3848.7,-31794
3849.7,-31816
3850.7,-31847
3851.5,-31810
3852.5,-31906
3853.3,-31877
3854.3,-31821
3855.3,-31821
3856.1,-31838
3857.1,-31880
3857.9,-31910
3858.7,-31944
3859.5,-32012
3860.3,-31978
3861.1,-31931
3862.1,-31753
3863.1,-31722
3864.1,-31818
3864.9,-31979
3865.7,-31956
3866.5,-31973
3867.3,-31937
3868.1,-32006
3868.9,-32017
3869.7,-31959
3870.9,-31454
3872.1,-31638
3873.1,-31777
3873.9,-31862
3874.9,-31873
3875.9,-31807
3876.9,-31671
3877.9,-31794
3878.9,-31846
3879.7,-31859
3880.7,-31851
3881.5,-31912
3882.5,-31850
3883.3,-31925
3884.1,-31890
3885.1,-31843
3886.1,-31844
3886.9,-31804
3887.9,-31828
3888.9,-31876
3889.7,-31909
3890.5,-31908
3891.3,-31944
3892.1,-31937
3893.1,-31923
3893.9,-31927
3894.7,-31900
3895.7,-31868
3896.5,-31868
3897.5,-31851
3898.3,-31952
3899.1,-31929
3899.9,-31937
3900.9,-31913
3901.5,-31956
3902.3,-31988
3903.3,-31952
3904.1,-31857
3905.1,-31729
3906.1,-31903
3906.9,-31916
3907.7,-31917
3908.5,-31954
3909.3,-31932
3910.3,-31905
3911.1,-31884
3911.9,-31894
3912.9,-31938
3913.7,-31982
3915.1,-31284
3915.7,-32058
3916.5,-32060
3917.3,-32064
3918,-32074
3918.5,-32110
3919.3,-32094
3919.9,-32089
3920.7,-32037
3921.5,-31926
3922.3,-31898
3923.1,-31962
3924,-32042
3924.7,-32052
3925.3,-32071
3925.9,-32077
3926.7,-32062
3927.5,-32056
3928.1,-31999
3929.3,-31731
3930.3,-31748
3931.2,-31972
3931.7,-32016
3932.5,-32006
3933.3,-31982
3934.1,-31956
3934.9,-31954
3935.7,-32015
3936.5,-32035
3937.1,-32059
3937.9,-32045
3938.7,-32023
3939.3,-32014
3940.1,-31998
3940.9,-31921
3941.9,-31943
3942.7,-31881
3943.7,-31847
3944.5,-31905
3945.3,-31985
3945.9,-32134
3946.7,-31943
3947.5,-32034
3948.3,-32031
3949.7,-31328
3950.9,-31470
3952.1,-31656
3953.1,-31723
3954.1,-31840
